"Path","ImportsAndroidLog","HasLogCalls","HasFileLogger","LogCalls","FileLoggerCalls"
"C:/Users/User/AbclientAndroid/app/src/main/java/ru/neverlands/abclient/ABClientApplication.java","False","False","False","0","0"
"C:/Users/User/AbclientAndroid/app/src/main/java/ru/neverlands/abclient/adapter/ContactsAdapter.java","False","False","False","0","0"
"C:/Users/User/AbclientAndroid/app/src/main/java/ru/neverlands/abclient/adapter/FunctionListAdapter.java","False","False","False","0","0"
"C:/Users/User/AbclientAndroid/app/src/main/java/ru/neverlands/abclient/AuthManager.java","False","False","True","0","24"
"C:/Users/User/AbclientAndroid/app/src/main/java/ru/neverlands/abclient/bridge/WebAppInterface.java","True","True","True","43","1"
"C:/Users/User/AbclientAndroid/app/src/main/java/ru/neverlands/abclient/ClansActivity.java","False","False","False","0","0"
"C:/Users/User/AbclientAndroid/app/src/main/java/ru/neverlands/abclient/ContactsActivity.java","True","True","False","4","0"
"C:/Users/User/AbclientAndroid/app/src/main/java/ru/neverlands/abclient/db/ThingDao.java","False","False","False","0","0"
"C:/Users/User/AbclientAndroid/app/src/main/java/ru/neverlands/abclient/lez/LezFight.java","True","True","False","15","0"
"C:/Users/User/AbclientAndroid/app/src/main/java/ru/neverlands/abclient/LoginActivity.java","False","True","False","19","0"
"C:/Users/User/AbclientAndroid/app/src/main/java/ru/neverlands/abclient/LogsActivity.java","False","False","False","0","0"
"C:/Users/User/AbclientAndroid/app/src/main/java/ru/neverlands/abclient/MainActivity.java","True","True","True","187","11"
"C:/Users/User/AbclientAndroid/app/src/main/java/ru/neverlands/abclient/manager/AppTimerManager.java","True","True","True","20","17"
"C:/Users/User/AbclientAndroid/app/src/main/java/ru/neverlands/abclient/manager/AutoFunctionsManager.java","True","True","True","91","5"
"C:/Users/User/AbclientAndroid/app/src/main/java/ru/neverlands/abclient/manager/BossAuto.java","False","True","True","44","11"
"C:/Users/User/AbclientAndroid/app/src/main/java/ru/neverlands/abclient/manager/CharacterVitalsManager.java","True","True","False","8","0"
"C:/Users/User/AbclientAndroid/app/src/main/java/ru/neverlands/abclient/manager/ChatUserList.java","False","False","False","0","0"
"C:/Users/User/AbclientAndroid/app/src/main/java/ru/neverlands/abclient/manager/ClanWarsManager.java","True","True","False","10","0"
"C:/Users/User/AbclientAndroid/app/src/main/java/ru/neverlands/abclient/manager/CompasAuto.java","True","True","False","25","0"
"C:/Users/User/AbclientAndroid/app/src/main/java/ru/neverlands/abclient/manager/ContactsManager.java","True","True","True","9","1"
"C:/Users/User/AbclientAndroid/app/src/main/java/ru/neverlands/abclient/manager/FastActionManager.java","True","True","True","113","14"
"C:/Users/User/AbclientAndroid/app/src/main/java/ru/neverlands/abclient/manager/NeverApi.java","False","True","False","20","0"
"C:/Users/User/AbclientAndroid/app/src/main/java/ru/neverlands/abclient/manager/QuickButtonsManager.java","True","True","False","9","0"
"C:/Users/User/AbclientAndroid/app/src/main/java/ru/neverlands/abclient/manager/RoomManager.java","True","True","False","57","0"
"C:/Users/User/AbclientAndroid/app/src/main/java/ru/neverlands/abclient/manager/TabManager.java","True","True","False","13","0"
"C:/Users/User/AbclientAndroid/app/src/main/java/ru/neverlands/abclient/manager/TorgList.java","False","False","False","0","0"
"C:/Users/User/AbclientAndroid/app/src/main/java/ru/neverlands/abclient/manager/TorgPair.java","False","False","False","0","0"
"C:/Users/User/AbclientAndroid/app/src/main/java/ru/neverlands/abclient/manager/UnderAttackManager.java","True","True","False","1","0"
"C:/Users/User/AbclientAndroid/app/src/main/java/ru/neverlands/abclient/model/AbcCell.java","False","False","False","0","0"
"C:/Users/User/AbclientAndroid/app/src/main/java/ru/neverlands/abclient/model/AppTimer.java","False","False","False","0","0"
"C:/Users/User/AbclientAndroid/app/src/main/java/ru/neverlands/abclient/model/AuthResult.java","False","False","False","0","0"
"C:/Users/User/AbclientAndroid/app/src/main/java/ru/neverlands/abclient/model/AutoboiState.java","False","False","False","0","0"
"C:/Users/User/AbclientAndroid/app/src/main/java/ru/neverlands/abclient/model/Cell.java","False","False","False","0","0"
"C:/Users/User/AbclientAndroid/app/src/main/java/ru/neverlands/abclient/model/ChatUser.java","False","False","False","0","0"
"C:/Users/User/AbclientAndroid/app/src/main/java/ru/neverlands/abclient/model/CityGateType.java","False","False","False","0","0"
"C:/Users/User/AbclientAndroid/app/src/main/java/ru/neverlands/abclient/model/Contact.java","False","False","False","0","0"
"C:/Users/User/AbclientAndroid/app/src/main/java/ru/neverlands/abclient/model/FishData.java","False","False","False","0","0"
"C:/Users/User/AbclientAndroid/app/src/main/java/ru/neverlands/abclient/model/Foe.java","False","False","False","0","0"
"C:/Users/User/AbclientAndroid/app/src/main/java/ru/neverlands/abclient/model/InvComparer.java","False","False","False","0","0"
"C:/Users/User/AbclientAndroid/app/src/main/java/ru/neverlands/abclient/model/InvEntry.java","False","False","False","0","0"
"C:/Users/User/AbclientAndroid/app/src/main/java/ru/neverlands/abclient/model/LezBotsClass.java","False","False","False","0","0"
"C:/Users/User/AbclientAndroid/app/src/main/java/ru/neverlands/abclient/model/LezBotsClassCollection.java","False","False","False","0","0"
"C:/Users/User/AbclientAndroid/app/src/main/java/ru/neverlands/abclient/model/LezBotsGroup.java","False","False","False","0","0"
"C:/Users/User/AbclientAndroid/app/src/main/java/ru/neverlands/abclient/model/LezNode.java","False","False","False","0","0"
"C:/Users/User/AbclientAndroid/app/src/main/java/ru/neverlands/abclient/model/LezSayType.java","False","False","False","0","0"
"C:/Users/User/AbclientAndroid/app/src/main/java/ru/neverlands/abclient/model/LezSpell.java","False","False","False","0","0"
"C:/Users/User/AbclientAndroid/app/src/main/java/ru/neverlands/abclient/model/LezSpellCollection.java","False","False","False","0","0"
"C:/Users/User/AbclientAndroid/app/src/main/java/ru/neverlands/abclient/model/MapTypeConverter.java","False","False","False","0","0"
"C:/Users/User/AbclientAndroid/app/src/main/java/ru/neverlands/abclient/model/ParsedDressed.java","True","True","False","1","0"
"C:/Users/User/AbclientAndroid/app/src/main/java/ru/neverlands/abclient/model/Position.java","False","False","False","0","0"
"C:/Users/User/AbclientAndroid/app/src/main/java/ru/neverlands/abclient/model/Prims.java","False","False","False","0","0"
"C:/Users/User/AbclientAndroid/app/src/main/java/ru/neverlands/abclient/model/QuickActionType.java","False","False","False","0","0"
"C:/Users/User/AbclientAndroid/app/src/main/java/ru/neverlands/abclient/model/QuickButton.java","False","False","False","0","0"
"C:/Users/User/AbclientAndroid/app/src/main/java/ru/neverlands/abclient/model/Thing.java","False","False","False","0","0"
"C:/Users/User/AbclientAndroid/app/src/main/java/ru/neverlands/abclient/model/UserConfig.java","False","True","False","6","0"
"C:/Users/User/AbclientAndroid/app/src/main/java/ru/neverlands/abclient/network/NetworkClient.java","True","True","False","6","0"
"C:/Users/User/AbclientAndroid/app/src/main/java/ru/neverlands/abclient/PinfoActivity.java","False","False","False","0","0"
"C:/Users/User/AbclientAndroid/app/src/main/java/ru/neverlands/abclient/postfilter/ButPhp.java","True","True","False","7","0"
"C:/Users/User/AbclientAndroid/app/src/main/java/ru/neverlands/abclient/postfilter/CastleJs.java","False","False","False","0","0"
"C:/Users/User/AbclientAndroid/app/src/main/java/ru/neverlands/abclient/postfilter/ChListJs.java","True","True","False","3","0"
"C:/Users/User/AbclientAndroid/app/src/main/java/ru/neverlands/abclient/postfilter/ChMsgJs.java","True","True","False","1","0"
"C:/Users/User/AbclientAndroid/app/src/main/java/ru/neverlands/abclient/postfilter/CounterJs.java","False","False","False","0","0"
"C:/Users/User/AbclientAndroid/app/src/main/java/ru/neverlands/abclient/postfilter/Date.java","False","False","False","0","0"
"C:/Users/User/AbclientAndroid/app/src/main/java/ru/neverlands/abclient/postfilter/FightAuto.java","True","True","True","45","42"
"C:/Users/User/AbclientAndroid/app/src/main/java/ru/neverlands/abclient/postfilter/FightJs.java","True","True","False","1","0"
"C:/Users/User/AbclientAndroid/app/src/main/java/ru/neverlands/abclient/postfilter/Filter.java","False","False","False","0","0"
"C:/Users/User/AbclientAndroid/app/src/main/java/ru/neverlands/abclient/postfilter/FishAjaxPhp.java","True","True","True","100","49"
"C:/Users/User/AbclientAndroid/app/src/main/java/ru/neverlands/abclient/postfilter/GameJs.java","True","True","False","2","0"
"C:/Users/User/AbclientAndroid/app/src/main/java/ru/neverlands/abclient/postfilter/GamePhp.java","False","False","False","0","0"
"C:/Users/User/AbclientAndroid/app/src/main/java/ru/neverlands/abclient/postfilter/HpJs.java","True","True","False","2","0"
"C:/Users/User/AbclientAndroid/app/src/main/java/ru/neverlands/abclient/postfilter/HpmpJs.java","False","False","False","0","0"
"C:/Users/User/AbclientAndroid/app/src/main/java/ru/neverlands/abclient/postfilter/IndexCgi.java","False","False","False","0","0"
"C:/Users/User/AbclientAndroid/app/src/main/java/ru/neverlands/abclient/postfilter/InventoryParser.java","True","True","True","2","2"
"C:/Users/User/AbclientAndroid/app/src/main/java/ru/neverlands/abclient/postfilter/MainPhp.java","True","True","True","185","156"
"C:/Users/User/AbclientAndroid/app/src/main/java/ru/neverlands/abclient/postfilter/MainPhpCityNavigation.java","False","False","False","0","0"
"C:/Users/User/AbclientAndroid/app/src/main/java/ru/neverlands/abclient/postfilter/MapActAjaxPhp.java","True","True","False","7","0"
"C:/Users/User/AbclientAndroid/app/src/main/java/ru/neverlands/abclient/postfilter/MapAjax.java","True","True","True","42","32"
"C:/Users/User/AbclientAndroid/app/src/main/java/ru/neverlands/abclient/postfilter/MapJs.java","True","True","False","2","0"
"C:/Users/User/AbclientAndroid/app/src/main/java/ru/neverlands/abclient/postfilter/MsgPhp.java","False","False","False","0","0"
"C:/Users/User/AbclientAndroid/app/src/main/java/ru/neverlands/abclient/postfilter/ShopEntry.java","False","False","False","0","0"
"C:/Users/User/AbclientAndroid/app/src/main/java/ru/neverlands/abclient/postfilter/TeleportAjax.java","False","False","False","0","0"
"C:/Users/User/AbclientAndroid/app/src/main/java/ru/neverlands/abclient/postfilter/TreasureDig.java","True","True","True","25","1"
"C:/Users/User/AbclientAndroid/app/src/main/java/ru/neverlands/abclient/profile/ProfileManager.java","False","False","False","0","0"
"C:/Users/User/AbclientAndroid/app/src/main/java/ru/neverlands/abclient/ProfileActivity.java","False","False","False","0","0"
"C:/Users/User/AbclientAndroid/app/src/main/java/ru/neverlands/abclient/proxy/Cache.java","True","True","False","4","0"
"C:/Users/User/AbclientAndroid/app/src/main/java/ru/neverlands/abclient/proxy/CookiesManager.java","False","True","False","5","0"
"C:/Users/User/AbclientAndroid/app/src/main/java/ru/neverlands/abclient/proxy/DiskCacheManager.java","True","True","False","2","0"
"C:/Users/User/AbclientAndroid/app/src/main/java/ru/neverlands/abclient/proxy/LocalHttpProxyServer.java","True","True","False","13","0"
"C:/Users/User/AbclientAndroid/app/src/main/java/ru/neverlands/abclient/proxy/ProxyLogDeduper.java","True","True","False","2","0"
"C:/Users/User/AbclientAndroid/app/src/main/java/ru/neverlands/abclient/proxy/ProxyRuntimeManager.java","True","True","False","12","0"
"C:/Users/User/AbclientAndroid/app/src/main/java/ru/neverlands/abclient/repository/ApiRepository.java","False","True","True","2","20"
"C:/Users/User/AbclientAndroid/app/src/main/java/ru/neverlands/abclient/repository/MapRepository.java","False","False","False","0","0"
"C:/Users/User/AbclientAndroid/app/src/main/java/ru/neverlands/abclient/repository/ThingsRepository.java","True","True","False","3","0"
"C:/Users/User/AbclientAndroid/app/src/main/java/ru/neverlands/abclient/service/AutoModeForegroundService.java","True","True","False","36","0"
"C:/Users/User/AbclientAndroid/app/src/main/java/ru/neverlands/abclient/SettingsActivity.java","False","False","False","0","0"
"C:/Users/User/AbclientAndroid/app/src/main/java/ru/neverlands/abclient/ui/AutoBoiSettingsFragment.java","False","True","False","1","0"
"C:/Users/User/AbclientAndroid/app/src/main/java/ru/neverlands/abclient/ui/Navigator.java","False","True","False","1","0"
"C:/Users/User/AbclientAndroid/app/src/main/java/ru/neverlands/abclient/ui/ProfilesActivity.java","False","False","False","0","0"
"C:/Users/User/AbclientAndroid/app/src/main/java/ru/neverlands/abclient/ui/QuickActionsBottomSheet.java","False","False","False","0","0"
"C:/Users/User/AbclientAndroid/app/src/main/java/ru/neverlands/abclient/ui/QuickButtonsPanel.java","True","True","True","21","3"
"C:/Users/User/AbclientAndroid/app/src/main/java/ru/neverlands/abclient/ui/viewmodel/FightViewModel.java","True","True","True","29","29"
"C:/Users/User/AbclientAndroid/app/src/main/java/ru/neverlands/abclient/utils/AppConsts.java","False","False","False","0","0"
"C:/Users/User/AbclientAndroid/app/src/main/java/ru/neverlands/abclient/utils/AppVars.java","False","False","False","0","0"
"C:/Users/User/AbclientAndroid/app/src/main/java/ru/neverlands/abclient/utils/AutoAnswerMachine.java","False","False","False","0","0"
"C:/Users/User/AbclientAndroid/app/src/main/java/ru/neverlands/abclient/utils/Chat.java","True","True","True","10","6"
"C:/Users/User/AbclientAndroid/app/src/main/java/ru/neverlands/abclient/utils/ChatFilter.java","False","True","True","1","1"
"C:/Users/User/AbclientAndroid/app/src/main/java/ru/neverlands/abclient/utils/ChatStats.java","True","True","False","6","0"
"C:/Users/User/AbclientAndroid/app/src/main/java/ru/neverlands/abclient/utils/ConverterUtils.java","False","False","False","0","0"
"C:/Users/User/AbclientAndroid/app/src/main/java/ru/neverlands/abclient/utils/CryptoUtils.java","False","False","False","0","0"
"C:/Users/User/AbclientAndroid/app/src/main/java/ru/neverlands/abclient/utils/DataManager.java","True","True","False","8","0"
"C:/Users/User/AbclientAndroid/app/src/main/java/ru/neverlands/abclient/utils/EventSounds.java","False","False","False","0","0"
"C:/Users/User/AbclientAndroid/app/src/main/java/ru/neverlands/abclient/utils/ExtMap.java","False","True","False","22","0"
"C:/Users/User/AbclientAndroid/app/src/main/java/ru/neverlands/abclient/utils/FightAnnounceHandler.java","True","True","True","6","8"
"C:/Users/User/AbclientAndroid/app/src/main/java/ru/neverlands/abclient/utils/FileLogger.java","True","True","False","14","0"
"C:/Users/User/AbclientAndroid/app/src/main/java/ru/neverlands/abclient/utils/ForcedActionGuard.java","True","True","False","4","0"
"C:/Users/User/AbclientAndroid/app/src/main/java/ru/neverlands/abclient/utils/GearParser.java","True","True","True","4","2"
"C:/Users/User/AbclientAndroid/app/src/main/java/ru/neverlands/abclient/utils/HelperStrings.java","False","False","False","0","0"
"C:/Users/User/AbclientAndroid/app/src/main/java/ru/neverlands/abclient/utils/HtmlUtils.java","False","False","False","0","0"
"C:/Users/User/AbclientAndroid/app/src/main/java/ru/neverlands/abclient/utils/InventoryParser.java","True","True","True","7","2"
"C:/Users/User/AbclientAndroid/app/src/main/java/ru/neverlands/abclient/utils/LogcatFileRecorder.java","True","True","True","1","5"
"C:/Users/User/AbclientAndroid/app/src/main/java/ru/neverlands/abclient/utils/MapPath.java","False","False","False","0","0"
"C:/Users/User/AbclientAndroid/app/src/main/java/ru/neverlands/abclient/utils/MapPathNode.java","False","False","False","0","0"
"C:/Users/User/AbclientAndroid/app/src/main/java/ru/neverlands/abclient/utils/ParseUtils.java","False","False","False","0","0"
"C:/Users/User/AbclientAndroid/app/src/main/java/ru/neverlands/abclient/utils/RuntimeNetTrace.java","False","False","False","0","0"
"C:/Users/User/AbclientAndroid/app/src/main/java/ru/neverlands/abclient/utils/Russian.java","False","False","False","0","0"
"C:/Users/User/AbclientAndroid/app/src/main/java/ru/neverlands/abclient/utils/SessionContext.java","False","False","False","0","0"
"C:/Users/User/AbclientAndroid/app/src/main/java/ru/neverlands/abclient/utils/SessionManager.java","True","True","True","20","19"
"C:/Users/User/AbclientAndroid/app/src/main/java/ru/neverlands/abclient/utils/VersionClass.java","False","False","False","0","0"
"C:/Users/User/AbclientAndroid/app/src/main/java/ru/neverlands/abclient/utils/WebViewProxyHelper.java","True","True","False","2","0"
"C:/Users/User/AbclientAndroid/app/src/main/java/ru/neverlands/abclient/webview/WebViewRequestInterceptor.java","True","True","True","45","5"
"C:/Users/User/AbclientAndroid/app/src/main/java/ru/neverlands/abclient/WebViewCookieJar.java","False","False","True","0","5"
