[
  {
    "id": 1,
    "name": "Все",
    "plural": "Все"
  },
  {
    "id": 10,
    "name": "Человек",
    "plural": "Люди"
  },
  {
    "id": 20,
    "name": "Бот",
    "plural": "Боты"
  },
  {
    "id": 21,
    "name": "Босс",
    "plural": "Боссы"
  },
  {
    "id": 101,
    "name": "Орк",
    "plural": "Орки"
  },
  {
    "id": 102,
    "name": "Гоблин",
    "plural": "Гоблины"
  },
  {
    "id": 103,
    "name": "Крыса",
    "plural": "Крысы"
  },
  {
    "id": 104,
    "name": "Кабан",
    "plural": "Кабаны"
  },
  {
    "id": 105,
    "name": "Ядовитый паук",
    "plural": "Ядовитые пауки"
  },
  {
    "id": 106,
    "name": "Скелет",
    "plural": "Скелеты"
  },
  {
    "id": 107,
    "name": "Скелет-мечник",
    "plural": "Скелеты-мечники"
  },
  {
    "id": 108,
    "name": "Зомби",
    "plural": "Зомби"
  },
  {
    "id": 109,
    "name": "Тролль",
    "plural": "Тролли"
  },
  {
    "id": 110,
    "name": "Огр",
    "plural": "Огры"
  },
  {
    "id": 111,
    "name": "Огр-берсеркер",
    "plural": "Огры-берсеркеры"
  },
  {
    "id": 112,
    "name": "Сильф",
    "plural": "Сильфы"
  },
  {
    "id": 113,
    "name": "Нетопырь",
    "plural": "Нетопыри"
  },
  {
    "id": 114,
    "name": "Разбойник",
    "plural": "Разбойники"
  },
  {
    "id": 115,
    "name": "Грабитель",
    "plural": "Грабители"
  },
  {
    "id": 116,
    "name": "Призрак",
    "plural": "Призраки"
  },
  {
    "id": 117,
    "name": "Некромант",
    "plural": "Некроманты"
  },
  {
    "id": 118,
    "name": "Элементаль",
    "plural": "Элементали"
  },
  {
    "id": 119,
    "name": "Дварф",
    "plural": "Дварфы"
  },
  {
    "id": 120,
    "name": "Медведь",
    "plural": "Медведи"
  },
  {
    "id": 121,
    "name": "Воин Таэров",
    "plural": "Воины Таэров"
  }
]
